study_hours,attendance,group_discussion,previous_test_score,final_exam_pass
15.8,82.1,Yes,37,Fail
7.8,94.9,No,43,Fail
18.5,79.1,Yes,56,Fail
19.6,85.7,No,54,Pass
2.3,53.4,No,74,Pass
6.2,77.4,Yes,66,Pass
14.8,67.9,Yes,35,Fail
12.1,63.4,Yes,70,Fail
13.9,67.5,No,53,Fail
8.9,74.0,No,81,Pass
19.3,89.0,Yes,53,Pass
18.7,62.1,No,52,Pass
14.4,78.4,Yes,70,Pass
20.8,72.2,No,73,Fail
16.8,74.1,No,69,Fail
8.8,90.0,No,37,Fail
16.2,84.5,No,70,Fail
8.2,94.0,No,46,Fail
19.3,76.1,Yes,66,Fail
13.7,69.6,Yes,41,Fail
12.9,75.3,Yes,69,Fail
9.9,80.9,Yes,50,Fail
21.3,80.1,No,43,Fail
13.1,65.0,No,73,Fail
11.4,79.1,No,66,Fail
11.9,80.7,Yes,53,Fail
17.2,100.0,No,84,Fail
16.2,100.0,Yes,55,Fail
16.5,67.8,Yes,62,Pass
16.6,74.6,No,66,Fail
26.8,60.4,No,53,Fail
11.6,70.9,No,69,Fail
10.9,81.8,Yes,54,Fail
9.1,92.5,No,56,Fail
17.7,69.3,Yes,82,Pass
20.8,70.2,No,46,Pass
13.3,52.2,No,26,Fail
9.0,76.0,Yes,86,Pass
9.1,65.3,Yes,98,Pass
17.9,71.6,Yes,56,Fail
18.5,67.5,No,33,Fail
17.3,76.9,Yes,57,Fail
10.0,56.9,No,58,Fail
15.4,60.4,No,59,Fail
14.7,100.0,Yes,45,Pass
15.3,62.6,Yes,71,Pass
19.2,64.8,No,70,Fail
15.3,100.0,Yes,40,Pass
18.1,100.0,Yes,72,Pass
14.4,63.9,No,93,Pass
15.7,73.6,No,65,Fail
17.8,82.1,No,57,Fail
5.3,98.7,Yes,60,Pass
12.1,66.2,Yes,71,Pass
11.2,75.1,Yes,36,Fail
10.2,87.3,Yes,64,Fail
12.3,83.2,Yes,56,Pass
23.0,73.5,Yes,90,Pass
8.8,76.4,Yes,59,Fail
19.8,61.5,Yes,87,Pass
3.9,75.1,Yes,45,Fail
12.0,74.8,No,71,Fail
15.0,80.8,No,67,Fail
17.5,71.3,Yes,49,Fail
18.3,83.7,Yes,65,Pass
18.8,90.2,Yes,80,Fail
11.9,79.9,No,57,Fail
11.2,82.2,Yes,37,Fail
19.1,78.6,Yes,62,Fail
12.9,78.0,Yes,48,Fail
6.3,69.3,Yes,57,Fail
7.2,81.8,Yes,61,Fail
8.5,76.8,Yes,36,Fail
17.0,100.0,Yes,38,Fail
14.9,96.9,No,69,Fail
18.1,82.6,No,54,Fail
11.4,68.8,No,24,Fail
15.0,64.7,Yes,74,Pass
17.8,92.3,No,66,Fail
12.1,81.2,Yes,51,Pass
16.7,83.8,Yes,42,Fail
10.0,57.1,No,75,Fail
11.8,89.1,Yes,67,Fail
11.7,83.5,Yes,98,Pass
6.8,64.7,No,68,Fail
16.9,72.3,No,68,Fail
11.2,81.2,No,59,Fail
14.1,78.6,Yes,74,Pass
16.9,74.5,Yes,71,Pass
16.7,76.8,No,81,Fail
18.0,75.0,Yes,54,Fail
13.4,79.8,No,55,Fail
11.5,95.7,Yes,55,Pass
13.5,47.2,Yes,74,Pass
3.9,75.2,Yes,84,Fail
5.3,80.1,No,55,Fail
6.1,81.6,Yes,56,Fail
8.0,73.5,Yes,67,Fail
16.4,56.9,Yes,58,Fail
8.6,81.9,Yes,76,Fail
11.7,98.7,Yes,28,Fail
21.8,59.6,No,50,Fail
11.9,88.4,Yes,50,Pass
18.4,74.1,No,27,Fail
8.4,77.3,No,48,Fail
12.8,65.4,Yes,48,Fail
8.3,74.0,Yes,59,Fail
12.0,93.6,No,79,Pass
19.0,85.0,Yes,58,Pass
3.6,98.8,Yes,47,Fail
16.6,92.1,No,61,Pass
15.4,83.3,No,78,Fail
10.4,98.9,No,47,Pass
5.3,83.3,Yes,48,Fail
14.4,87.9,No,70,Fail
10.8,74.4,No,59,Fail
15.4,78.8,Yes,72,Fail
14.1,69.6,No,62,Fail
23.6,89.9,Yes,73,Pass
12.6,63.9,Yes,46,Fail
7.9,87.4,Yes,62,Fail
15.1,75.7,Yes,59,Pass
15.3,92.1,Yes,44,Pass
22.2,87.0,No,39,Pass
19.0,99.8,No,72,Pass
16.1,86.8,Yes,57,Pass
22.8,59.1,No,47,Fail
6.9,77.2,No,61,Fail
10.2,63.9,Yes,79,Fail
8.4,71.8,Yes,28,Fail
11.7,96.1,Yes,40,Fail
5.7,85.7,Yes,48,Fail
17.8,69.6,No,84,Pass
12.7,65.8,Yes,66,Fail
5.2,78.4,Yes,74,Pass
7.9,63.4,Yes,45,Fail
15.9,69.9,Yes,45,Fail
19.0,81.7,No,69,Fail
26.0,91.9,Yes,63,Pass
31.5,85.3,Yes,70,Pass
16.5,50.5,Yes,59,Pass
8.1,81.7,Yes,66,Pass
2.0,78.9,No,64,Fail
15.6,83.0,Yes,74,Fail
9.1,97.4,Yes,74,Pass
11.5,53.2,Yes,38,Fail
10.3,70.9,No,28,Fail
13.2,85.1,No,77,Pass
20.4,59.0,No,80,Pass
14.9,95.7,No,47,Fail
13.0,82.4,No,34,Fail
7.8,88.2,Yes,63,Pass
4.0,71.1,Yes,76,Fail
11.1,87.8,Yes,89,Pass
13.7,90.8,Yes,70,Fail
24.6,80.8,No,56,Fail
14.8,80.8,Yes,49,Fail
19.9,81.2,No,62,Fail
11.0,67.6,No,58,Fail
6.9,76.2,Yes,47,Fail
8.2,76.2,No,93,Fail
9.6,82.6,No,89,Fail
26.8,90.0,No,79,Pass
9.1,65.3,Yes,48,Fail
19.0,76.5,Yes,75,Pass
8.6,95.8,Yes,72,Pass
19.6,69.1,Yes,69,Pass
16.3,68.1,Yes,81,Pass
13.1,80.4,No,72,Fail
13.8,88.1,No,73,Fail
10.1,78.1,Yes,72,Fail
16.7,93.9,Yes,67,Pass
11.3,88.3,Yes,35,Fail
6.6,88.1,Yes,63,Fail
6.3,84.6,No,54,Fail
15.0,100.0,Yes,43,Pass
23.5,75.5,Yes,87,Pass
15.0,54.0,No,88,Fail
13.3,97.3,Yes,82,Pass
15.7,72.5,Yes,66,Pass
21.8,79.3,No,82,Pass
15.3,93.7,No,62,Fail
11.5,58.8,No,65,Fail
20.6,63.0,No,46,Fail
16.6,58.8,Yes,68,Fail
23.2,68.5,No,63,Fail
15.1,83.3,No,42,Fail
6.7,84.3,No,61,Fail
5.8,81.3,No,61,Fail
23.9,61.0,No,89,Pass
24.3,50.3,No,75,Pass
12.9,78.7,Yes,62,Pass
11.7,72.3,No,66,Fail
22.8,83.5,Yes,63,Fail
7.4,86.4,Yes,59,Pass
8.6,79.7,No,46,Fail
17.9,87.1,No,60,Fail
11.6,80.8,No,51,Fail
14.0,84.4,Yes,43,Pass
13.0,69.5,No,70,Pass
